,Image,F1,Jaccard,Recall,Precision,Accuracy
0,archive\images\833.png,0.9137931034482758,0.8412698412698413,0.9330985915492958,0.8952702702702703,0.99847412109375
1,archive\images\2069.png,0.8169014084507042,0.6904761904761905,0.9872340425531915,0.6966966966966966,0.99365234375
2,archive\images\3038.png,0.8109375,0.6819973718791065,0.8084112149532711,0.8134796238244514,0.996307373046875
3,archive\images\1169.png,0.5910488554834301,0.41949563530552864,0.9321120689655172,0.43271635817908954,0.9817352294921875
4,archive\images\501.png,0.9611360239162929,0.9251798561151079,0.946980854197349,0.9757207890743551,0.99920654296875
5,archive\images\31.png,0.9671232876712329,0.9363395225464191,0.9379982285208148,0.998114985862394,0.9989013671875
6,archive\images\2242.png,0.8837803320561942,0.7917620137299771,0.8337349397590361,0.9402173913043478,0.9930572509765625
7,archive\images\1014.png,0.9387755102040816,0.8846153846153846,0.887240356083086,0.9966666666666667,0.9994049072265625
8,archive\images\1322.png,0.8648648648648648,0.7619047619047619,0.7619047619047619,1.0,0.9993133544921875
9,archive\images\1779.png,0.9194253591505309,0.8508670520231214,0.9658792650918635,0.8772348033373063,0.9980316162109375
10,archive\images\1217.png,0.9552715654952078,0.9143730886850153,0.9583333333333334,0.9522292993630573,0.99957275390625
11,archive\images\1956.png,0.9161940768746062,0.8453488372093023,0.8492990654205608,0.9945280437756497,0.9979705810546875
12,archive\images\108.png,0.9551724137931035,0.9141914191419142,0.915918752952291,0.997941327843541,0.997222900390625
13,archive\images\1258.png,0.9522240527182867,0.9088050314465409,0.9829931972789115,0.9233226837060703,0.9995574951171875
14,archive\images\571.png,0.9748743718592965,0.9509803921568627,0.9651741293532339,0.9847715736040609,0.99969482421875
15,archive\images\1888.png,0.3685932388222464,0.22593582887700533,0.9602272727272727,0.22807017543859648,0.982330322265625
16,archive\images\35.png,0.9285714285714286,0.8666666666666667,0.9512195121951219,0.9069767441860465,0.999725341796875
17,archive\images\2162.png,0.7366836498378879,0.583134738771769,0.9648164998483469,0.5958044577636261,0.965301513671875
18,archive\images\2582.png,0.9502655721873491,0.9052437902483901,0.9488910318225651,0.9516441005802708,0.9984283447265625
19,archive\images\1279.png,0.6855123674911661,0.521505376344086,0.521505376344086,1.0,0.9904937744140625
20,archive\images\749.png,0.8463050314465409,0.7335604770017036,0.8000743218134523,0.8982060909470171,0.988067626953125
21,archive\images\2122.png,0.06440071556350625,0.033271719038817,0.056074766355140186,0.07563025210084033,0.9600982666015625
22,archive\images\2928.png,0.8947068867387593,0.8094747682801235,0.9943074003795066,0.8132436627004656,0.994354248046875
23,archive\images\74.png,0.9684171869261844,0.9387682449270203,0.9843225083986562,0.953017708709794,0.99737548828125
24,archive\images\788.png,0.8668365294354298,0.7649704142011834,0.765332701870708,0.9993815708101422,0.9848480224609375
25,archive\images\707.png,0.9771060235607913,0.9552368535419383,0.9821268990169795,0.9721362229102167,0.9984283447265625
26,archive\images\1678.png,0.9488188976377951,0.9026217228464419,0.9506903353057199,0.9469548133595285,0.99920654296875
27,archive\images\909.png,0.875,0.7777777777777778,0.7788018433179723,0.9983122362869198,0.984527587890625
28,archive\images\218.png,0.8003442340791739,0.667144906743185,0.976890756302521,0.6778425655976676,0.9964599609375
29,archive\images\2046.png,0.8840522358527898,0.7921985815602837,0.8012912482065997,0.9858781994704324,0.9955291748046875
30,archive\images\3.png,0.9598348348348349,0.9227715626127752,0.9641779788838613,0.9555306427503737,0.996734619140625
31,archive\images\1270.png,0.6904761904761905,0.5272727272727272,0.8207547169811321,0.5958904109589042,0.998809814453125
32,archive\images\573.png,0.9519172245891661,0.908246225319396,0.9738480697384807,0.930952380952381,0.9987945556640625
33,archive\images\861.png,0.0011560693641618496,0.000578368999421631,0.000578368999421631,1.0,0.9208984375
34,archive\images\2463.png,0.25605050859347595,0.14682220434432824,1.0,0.14682220434432824,0.9676361083984375
35,archive\images\1326.png,0.9192708333333333,0.8506024096385543,0.8673218673218673,0.9778393351800554,0.999053955078125
36,archive\images\528.png,0.937080024434942,0.8816091954022989,0.9935233160621761,0.8867052023121387,0.9984283447265625
37,archive\images\461.png,0.8526315789473684,0.7431192660550459,0.9257142857142857,0.7902439024390244,0.998291015625
38,archive\images\803.png,0.7686472819216181,0.6242299794661191,0.7065659500290529,0.8426888426888427,0.98883056640625
39,archive\images\1392.png,0.9655797101449275,0.9334500875656743,0.9673321234119783,0.9638336347197106,0.999420166015625
40,archive\images\298.png,0.8909426987060998,0.8033333333333333,0.8892988929889298,0.8925925925925926,0.9990997314453125
41,archive\images\3005.png,0.6819047619047619,0.5173410404624278,0.5256975036710719,0.9701897018970189,0.994903564453125
42,archive\images\1239.png,0.9086479902557857,0.8325892857142857,0.951530612244898,0.8694638694638694,0.9988555908203125
43,archive\images\2839.png,0.0,0.0,0.0,0.0,0.970001220703125
44,archive\images\2605.png,0.697716894977169,0.5357643758765779,0.8691695108077361,0.5827612509534706,0.97979736328125
45,archive\images\1529.png,0.9226569608735214,0.856418918918919,0.9638783269961977,0.8848167539267016,0.9987030029296875
46,archive\images\574.png,0.9649484536082474,0.9322709163346613,0.9957446808510638,0.936,0.9987030029296875
47,archive\images\2574.png,0.9493369602176129,0.9035598705501618,0.9594501718213059,0.9394347240915208,0.9977264404296875
48,archive\images\1702.png,0.8905109489051094,0.8026315789473685,0.991869918699187,0.8079470198675497,0.99908447265625
49,archive\images\1732.png,0.739764052741152,0.5870044052863436,1.0,0.5870044052863436,0.988555908203125
50,archive\images\1266.png,0.11494252873563218,0.06097560975609756,0.06097560975609756,1.0,0.9988250732421875
51,archive\images\1808.png,0.7018181818181818,0.5406162464985994,1.0,0.5406162464985994,0.9949951171875
52,archive\images\1085.png,0.7171314741035857,0.5590062111801242,0.5648535564853556,0.9818181818181818,0.9967498779296875
53,archive\images\653.png,0.9799825935596171,0.9607508532423208,0.9763005780346821,0.9836924868957484,0.9989471435546875
54,archive\images\2791.png,0.5416433761878144,0.3714066692219241,0.3773364485981308,0.9594059405940594,0.9749755859375
55,archive\images\1187.png,0.9684791174152876,0.9388846447669977,0.9497681607418856,0.9879421221864951,0.998779296875
56,archive\images\2744.png,0.8009205983889528,0.6679462571976967,0.7204968944099379,0.9015544041450777,0.994720458984375
57,archive\images\1023.png,0.9302857142857143,0.8696581196581197,0.8838219326818675,0.9819059107358263,0.998138427734375
58,archive\images\1667.png,0.9558599695585996,0.9154518950437318,0.98125,0.9317507418397626,0.9995574951171875
59,archive\images\904.png,0.9453044375644996,0.8962818003913894,0.9924160346695557,0.9024630541871921,0.998382568359375
60,archive\images\701.png,0.9564850021123784,0.9165991902834008,0.9255928045789044,0.9895104895104895,0.9984283447265625
61,archive\images\381.png,0.9039463886820551,0.8247282608695652,0.9727564102564102,0.8442280945757997,0.9980316162109375
62,archive\images\478.png,0.0,0.0,0.0,0.0,0.996429443359375
63,archive\images\1354.png,0.9431689875799774,0.8924501424501424,0.9594180704441041,0.927461139896373,0.9976959228515625
64,archive\images\2701.png,0.9490333919156414,0.903010033444816,0.9054325955734407,0.9970457902511078,0.9977874755859375
65,archive\images\1689.png,0.9053380782918149,0.8270481144343304,0.9366715758468336,0.8760330578512396,0.9979705810546875
66,archive\images\2672.png,0.8989675516224189,0.8164768921634293,0.8236486486486486,0.989448051948052,0.99163818359375
67,archive\images\2524.png,0.5763842561707806,0.40487347703842547,0.7686832740213523,0.4610458911419424,0.9903106689453125
68,archive\images\2026.png,0.0,0.0,0.0,0.0,0.9930419921875
69,archive\images\2356.png,0.8972403776325346,0.8136318735594337,0.8828152911754198,0.9121447028423773,0.991363525390625
70,archive\images\527.png,0.9290322580645162,0.8674698795180723,0.9960474308300395,0.8704663212435233,0.9988250732421875
71,archive\images\1142.png,0.88,0.7857142857142857,0.9943502824858758,0.7892376681614349,0.99853515625
72,archive\images\1562.png,0.8069705093833781,0.6764044943820224,0.9933993399339934,0.6794582392776524,0.997802734375
73,archive\images\1668.png,0.955958549222798,0.9156327543424317,0.9710526315789474,0.9413265306122449,0.999481201171875
74,archive\images\1837.png,0.9545983701979045,0.9131403118040089,0.98676293622142,0.9244644870349493,0.998809814453125
75,archive\images\294.png,0.953757225433526,0.9116022099447514,0.9205020920502092,0.9895052473763118,0.9990234375
76,archive\images\2157.png,0.8286516853932585,0.7074340527577938,0.7074340527577938,1.0,0.99627685546875
77,archive\images\2528.png,0.908646800195408,0.8325872873769025,0.984647961884595,0.8435374149659864,0.994293212890625
78,archive\images\2527.png,0.7705394190871369,0.6267296658791766,0.630346232179226,0.9909284951974386,0.983123779296875
79,archive\images\2075.png,0.6680363956560024,0.501542529748788,0.7750283768444949,0.5870013755158184,0.9482269287109375
80,archive\images\2322.png,0.7536656891495601,0.6047058823529412,0.6047058823529412,1.0,0.9974365234375
81,archive\images\3034.png,0.8875538722737363,0.7978398685137357,0.8004711425206125,0.9958968347010551,0.9868621826171875
82,archive\images\1851.png,0.8437747819191117,0.7297668038408779,0.8036253776435045,0.8881469115191987,0.9969940185546875
83,archive\images\676.png,0.9554848966613674,0.9147640791476408,0.918960244648318,0.9950331125827815,0.998291015625
84,archive\images\1818.png,0.8869936034115138,0.7969348659003831,0.9651972157772621,0.8205128205128205,0.998382568359375
85,archive\images\2906.png,0.0,0.0,0.0,0.0,0.9970703125
86,archive\images\1840.png,0.8102564102564103,0.6810344827586207,1.0,0.6810344827586207,0.9983062744140625
87,archive\images\560.png,0.39355681323465386,0.24498644986449863,0.24498644986449863,1.0,0.9787445068359375
88,archive\images\1337.png,0.9183874139626352,0.8490909090909091,0.989406779661017,0.8568807339449541,0.9987335205078125
89,archive\images\1384.png,0.7971698113207547,0.6627450980392157,0.9970501474926253,0.6640471512770137,0.99737548828125
90,archive\images\2936.png,0.9165040121448709,0.8458767013610888,0.9674908424908425,0.8706221672847136,0.9941253662109375
91,archive\images\1579.png,0.9519379844961241,0.908284023668639,0.9777070063694268,0.9274924471299094,0.999053955078125
92,archive\images\678.png,0.9530364372469635,0.9102861562258314,0.9188134270101483,0.9899074852817493,0.99822998046875
93,archive\images\555.png,0.9602954755309326,0.9236234458259325,0.9848484848484849,0.9369369369369369,0.9993438720703125
94,archive\images\1885.png,0.5353075170842825,0.3654743390357698,1.0,0.3654743390357698,0.9937744140625
95,archive\images\2471.png,0.5235792019347038,0.3546273546273546,1.0,0.3546273546273546,0.98797607421875
96,archive\images\1769.png,0.9688149688149689,0.9395161290322581,0.9658031088082901,0.9718456725755996,0.99908447265625
97,archive\images\1720.png,0.8430769230769232,0.7287234042553191,0.7486338797814208,0.9647887323943662,0.9992218017578125
98,archive\images\2465.png,0.79125752296484,0.6546121593291404,0.9952191235059761,0.656677181913775,0.9899444580078125
99,archive\images\2255.png,0.34732824427480913,0.21016166281755197,0.21103896103896103,0.9806034482758621,0.973907470703125
100,archive\images\1960.png,0.0,0.0,0.0,0.0,0.9810943603515625
101,archive\images\21.png,0.9502292075965946,0.9051777916406737,0.9870748299319728,0.9160353535353535,0.9976806640625
102,archive\images\26.png,0.888349514563107,0.7991266375545851,0.9891891891891892,0.8061674008810573,0.999298095703125
103,archive\images\2405.png,0.869745718733783,0.7695133149678605,0.7695133149678605,1.0,0.9961700439453125
104,archive\images\335.png,0.9079754601226995,0.8314606741573034,0.8466819221967964,0.9788359788359788,0.9988555908203125
105,archive\images\893.png,0.9399141630901287,0.8866396761133604,0.9755011135857461,0.906832298136646,0.9991455078125
106,archive\images\2606.png,0.599821587867975,0.4283893985728848,0.5202723614979883,0.7080876158382476,0.9657745361328125
107,archive\images\11.png,0.9646609360076408,0.9317343173431735,0.9824902723735408,0.9474671669793621,0.9983062744140625
108,archive\images\2980.png,0.9497716894977168,0.9043478260869565,0.9122807017543859,0.9904761904761905,0.9988250732421875
109,archive\images\3011.png,0.0,0.0,0.0,0.0,0.995941162109375
110,archive\images\717.png,0.36390977443609024,0.22242647058823528,0.2238667900092507,0.9718875502008032,0.961273193359375
111,archive\images\277.png,0.9783631232361242,0.9576427255985267,0.9836065573770492,0.9731752963194011,0.9989471435546875
112,archive\images\2979.png,0.47963206307490147,0.31547104580812446,0.9057071960297767,0.3261840929401251,0.975830078125
113,archive\images\2275.png,0.7780303030303031,0.6367017978921264,0.65,0.9688679245283018,0.991058349609375
114,archive\images\1866.png,0.5944954128440366,0.42297650130548303,0.42297650130548303,1.0,0.9696502685546875
115,archive\images\1344.png,0.9233333333333333,0.8575851393188855,0.8993506493506493,0.9486301369863014,0.999298095703125
116,archive\images\2137.png,0.6684124386252046,0.5019665683382497,0.8748928877463582,0.5407838983050848,0.9845428466796875
117,archive\images\2072.png,0.6787410926365794,0.5137078651685393,0.943069306930693,0.5301484230055659,0.983489990234375
118,archive\images\1137.png,0.9269662921348314,0.8638743455497382,0.873015873015873,0.9880239520958084,0.998809814453125
119,archive\images\1906.png,0.9425580801633905,0.8913568324480927,0.9604578563995838,0.9253132832080201,0.9965667724609375
120,archive\images\1495.png,0.9612940496822646,0.9254727474972191,0.9765258215962441,0.9465301478953356,0.9989776611328125
121,archive\images\694.png,0.8601583113456465,0.7546296296296297,0.928246013667426,0.8013765978367748,0.9959564208984375
122,archive\images\336.png,0.9722222222222222,0.9459459459459459,0.9635879218472468,0.9810126582278481,0.999053955078125
123,archive\images\1560.png,0.9523809523809524,0.9090909090909091,0.9887640449438202,0.918580375782881,0.99932861328125
124,archive\images\1546.png,0.930635838150289,0.8702702702702703,1.0,0.8702702702702703,0.997802734375
125,archive\images\1969.png,0.9085681426106959,0.8324552160168599,0.9250585480093677,0.8926553672316384,0.9975738525390625
126,archive\images\2459.png,0.9589775954559799,0.9211882388602607,0.9762287182781882,0.9423255813953488,0.99603271484375
127,archive\images\587.png,0.9768095572733662,0.9546703296703297,0.9666203059805285,0.9872159090909091,0.9994964599609375
128,archive\images\2662.png,0.6392199349945829,0.4697452229299363,0.47086991221069435,0.9949409780775716,0.989837646484375
129,archive\images\2930.png,0.8539325842696629,0.7450980392156863,1.0,0.7450980392156863,0.994842529296875
130,archive\images\943.png,0.9340232858990946,0.8762135922330098,0.8762135922330098,1.0,0.9992218017578125
131,archive\images\1794.png,0.9408450704225352,0.8882978723404256,0.943502824858757,0.9382022471910112,0.9996795654296875
132,archive\images\3043.png,0.3714390065741417,0.22807804440457502,1.0,0.22807804440457502,0.947479248046875
133,archive\images\2380.png,0.8818402628946992,0.7886532072578584,0.7939284795472087,0.9916452442159382,0.9873809814453125
134,archive\images\126.png,0.9488054607508531,0.9025974025974026,0.9652777777777778,0.9328859060402684,0.99908447265625
135,archive\images\1147.png,0.8992878942014243,0.8170055452865065,0.9714285714285714,0.8371212121212122,0.9984893798828125
136,archive\images\1883.png,0.951324707332101,0.9071680376028202,0.9519112207151664,0.9507389162561576,0.9987945556640625
137,archive\images\2176.png,0.8398002305032656,0.723841059602649,0.8586017282010998,0.8218045112781955,0.9936370849609375
138,archive\images\2304.png,0.7850911974623315,0.6462140992167101,0.650032829940906,0.990990990990991,0.991729736328125
139,archive\images\369.png,0.910411622276029,0.8355555555555556,0.8430493273542601,0.9894736842105263,0.998870849609375
140,archive\images\2228.png,0.8438871473354231,0.7299349240780911,0.8973333333333333,0.7964497041420119,0.9962005615234375
141,archive\images\2114.png,0.9588235294117647,0.9209039548022598,0.9826676714393369,0.9361091170136396,0.998291015625
142,archive\images\451.png,0.9583333333333334,0.92,0.92,1.0,0.9993896484375
143,archive\images\1916.png,0.6842105263157895,0.52,0.52,1.0,0.9776611328125
144,archive\images\2349.png,0.5952045133991537,0.42369477911646586,0.42369477911646586,1.0,0.9956207275390625
145,archive\images\2530.png,0.557083084279737,0.3860811930405965,0.8262411347517731,0.42019837691614065,0.9886932373046875
146,archive\images\1419.png,0.9495268138801262,0.9039039039039038,0.9804560260586319,0.9204892966360856,0.99951171875
147,archive\images\86.png,0.8762953367875648,0.7798270893371758,0.9790159189580319,0.7930832356389215,0.994171142578125
148,archive\images\2725.png,0.9206486486486487,0.8529647435897436,0.949175211769951,0.8937867338371117,0.9944000244140625
149,archive\images\1013.png,0.8933333333333333,0.8072289156626506,0.8933333333333333,0.8933333333333333,0.9990234375
150,archive\images\777.png,0.8318462594371997,0.7121034077555817,0.9453978159126365,0.7426470588235294,0.9962615966796875
151,archive\images\2995.png,0.7231503579952268,0.5663551401869159,0.7524834437086093,0.6960183767228177,0.9893798828125
152,archive\images\2992.png,0.9605460296320958,0.9240871236386932,0.9782977280434045,0.9434270765206016,0.9963836669921875
153,archive\images\1968.png,0.8951310861423222,0.8101694915254237,0.814587593728698,0.9933499584372403,0.9957275390625
154,archive\images\1191.png,0.9256756756756757,0.8616352201257862,0.9303904923599321,0.9210084033613445,0.9986572265625
155,archive\images\2956.png,0.8976945244956772,0.8143790849673203,0.8441734417344173,0.9584615384615385,0.99566650390625
156,archive\images\2187.png,0.9303595812471552,0.8697872340425532,0.9789272030651341,0.8863833477883781,0.9976654052734375
157,archive\images\2248.png,0.8367593712212816,0.7193347193347194,0.7792792792792793,0.9033942558746736,0.995880126953125
158,archive\images\1452.png,0.9388601036269429,0.884765625,0.9151515151515152,0.9638297872340426,0.9990997314453125
159,archive\images\2525.png,0.8448139350752177,0.7313228238519534,0.7637795275590551,0.9450841452612931,0.9940185546875
160,archive\images\1108.png,0.7258485639686684,0.569672131147541,0.6915422885572139,0.7637362637362637,0.996795654296875
161,archive\images\2787.png,0.6997282608695653,0.5381400208986415,0.965625,0.5486505681818182,0.979766845703125
162,archive\images\602.png,0.9533590072742834,0.910874897792314,0.9123669123669124,0.9982078853046595,0.9983367919921875
163,archive\images\227.png,0.8409090909090908,0.7254901960784313,0.955719557195572,0.7507246376811594,0.998504638671875
164,archive\images\1567.png,0.923076923076923,0.8571428571428571,0.9824561403508771,0.8704663212435233,0.99957275390625
165,archive\images\1076.png,0.0,0.0,0.0,0.0,0.9707489013671875
166,archive\images\2565.png,0.9543026706231454,0.9125993189557321,0.9302863754700608,0.9795918367346939,0.99530029296875
167,archive\images\1075.png,0.04986449864498645,0.02556976097832129,0.02598870056497175,0.6133333333333333,0.9732513427734375
168,archive\images\824.png,0.3169048792508625,0.1882869692532943,0.1882869692532943,1.0,0.95770263671875
169,archive\images\2543.png,0.9001148105625717,0.8183716075156576,1.0,0.8183716075156576,0.997344970703125
170,archive\images\460.png,0.9607351712614871,0.9244372990353698,0.9395424836601307,0.9829059829059829,0.9992828369140625
171,archive\images\1751.png,0.951830443159923,0.9080882352941176,0.95,0.9536679536679536,0.9996185302734375
172,archive\images\1390.png,0.9423347398030943,0.8909574468085106,0.901749663526245,0.9867452135493373,0.998748779296875
173,archive\images\754.png,0.7259373792037108,0.5697815533980582,0.576427255985267,0.9801670146137788,0.9891815185546875
174,archive\images\117.png,0.5509877202349172,0.3802505526897568,0.39284354777312525,0.9222520107238605,0.974334716796875
175,archive\images\941.png,0.8914285714285715,0.8041237113402062,0.9301533219761499,0.8557993730407524,0.9979705810546875
176,archive\images\347.png,0.9375987361769352,0.8825278810408922,0.9511217948717948,0.9244548286604362,0.997589111328125
177,archive\images\247.png,0.9243697478991597,0.859375,0.9600997506234414,0.8912037037037037,0.9990386962890625
178,archive\images\837.png,0.8327228327228328,0.7133891213389121,0.7785388127853882,0.89501312335958,0.9979095458984375
179,archive\images\1225.png,0.8798646362098139,0.7854984894259819,0.8280254777070064,0.9386281588447654,0.9989166259765625
180,archive\images\1428.png,0.9622437971952537,0.9272349272349273,0.9409282700421941,0.9845474613686535,0.9994659423828125
181,archive\images\2926.png,0.0,0.0,0.0,0.0,0.9918060302734375
182,archive\images\1774.png,0.8708308065494239,0.7712137486573577,0.9795361527967258,0.7838427947598253,0.9967498779296875
183,archive\images\2107.png,0.9190274369841624,0.8501857201815931,0.9406392694063926,0.8983863933711296,0.9944610595703125
184,archive\images\552.png,0.9168316831683168,0.8464351005484461,0.9566115702479339,0.8802281368821293,0.9974365234375
185,archive\images\925.png,0.9628482972136223,0.9283582089552239,0.9510703363914373,0.9749216300940439,0.999267578125
186,archive\images\284.png,0.0,0.0,0.0,0.0,0.996124267578125
187,archive\images\2780.png,0.0,0.0,0.0,0.0,0.9927978515625
188,archive\images\860.png,0.8702189395937746,0.7702544945131917,0.7799054373522458,0.9841885441527446,0.9849853515625
189,archive\images\375.png,0.9818956336528221,0.9644351464435147,0.9875044626918957,0.9763501588422168,0.998443603515625
190,archive\images\834.png,0.8283582089552239,0.7070063694267515,0.8721428571428571,0.7887596899224806,0.992279052734375
191,archive\images\2642.png,0.0,0.0,0.0,0.0,0.9961700439453125
192,archive\images\1375.png,0.8156862745098039,0.6887417218543046,1.0,0.6887417218543046,0.9978485107421875
193,archive\images\681.png,0.980438648488441,0.9616279069767442,0.9829635499207607,0.9779266850610958,0.9984893798828125
194,archive\images\384.png,0.9740831295843522,0.9494756911344138,0.9920318725099602,0.9567723342939481,0.998382568359375
195,archive\images\2154.png,0.0,0.0,0.0,0.0,0.9955291748046875
196,archive\images\1657.png,0.93841642228739,0.8839779005524862,0.9937888198757764,0.8888888888888888,0.9996795654296875
197,archive\images\69.png,0.9264909847434118,0.8630490956072352,0.9896296296296296,0.8709256844850065,0.998382568359375
198,archive\images\1568.png,0.9061784897025171,0.8284518828451883,0.9166666666666666,0.8959276018099548,0.9993743896484375
199,archive\images\222.png,0.977392381542273,0.9557843731072078,0.9686924493554327,0.98625,0.9988861083984375
200,archive\images\269.png,0.9183303085299455,0.8489932885906041,0.9529190207156308,0.8861646234676007,0.998626708984375
201,archive\images\3041.png,0.0,0.0,0.0,0.0,0.9878692626953125
202,archive\images\1043.png,0.9406009783368273,0.8878627968337731,0.9009370816599732,0.9839181286549707,0.9987030029296875
203,archive\images\2479.png,0.8742368742368744,0.7765726681127982,0.9179487179487179,0.8344988344988346,0.9952850341796875
204,archive\images\2550.png,0.5908063300678221,0.4192513368983957,0.7192660550458716,0.5012787723785166,0.9917144775390625
205,archive\images\393.png,0.0,0.0,0.0,0.0,0.99853515625
206,archive\images\110.png,0.7124600638977636,0.5533498759305211,0.5681528662420382,0.9550321199143469,0.9945068359375
207,archive\images\3033.png,0.9106354060482501,0.8359326263256395,0.8429440134200042,0.9901477832512315,0.9879608154296875
208,archive\images\2233.png,0.6422018348623852,0.47297297297297297,0.9435551811288964,0.4867448935245545,0.98095703125
209,archive\images\2965.png,0.0,0.0,0.0,0.0,0.965850830078125
210,archive\images\581.png,0.9736842105263158,0.9487179487179487,0.9599056603773585,0.9878640776699029,0.998992919921875
211,archive\images\1089.png,0.8137092316196792,0.6859273066169618,0.6963103122043519,0.9787234042553191,0.9948577880859375
212,archive\images\2627.png,0.0,0.0,0.0,0.0,0.9878387451171875
213,archive\images\1411.png,0.9543147208121828,0.912621359223301,0.9559322033898305,0.9527027027027027,0.9995880126953125
214,archive\images\244.png,0.9587020648967551,0.9206798866855525,0.9325681492109039,0.9863429438543247,0.9991455078125
215,archive\images\2609.png,0.8292282430213465,0.7082748948106592,0.9665071770334929,0.7260963335729691,0.99365234375
216,archive\images\855.png,0.8646379853095488,0.7615526802218114,0.896301667875272,0.8351351351351352,0.9940948486328125
217,archive\images\2909.png,0.0043956043956043965,0.0022026431718061676,0.0022026431718061676,1.0,0.9792633056640625
218,archive\images\1207.png,0.8874172185430463,0.7976190476190477,0.8220858895705522,0.9640287769784173,0.999481201171875
219,archive\images\2593.png,0.9071274298056156,0.8300395256916996,0.8597748208802457,0.96,0.99737548828125
220,archive\images\184.png,0.8355263157894737,0.7175141242937854,0.8964705882352941,0.7823408624229979,0.997711181640625
221,archive\images\2060.png,0.0,0.0,0.0,0.0,0.990692138671875
222,archive\images\159.png,0.8945623342175066,0.8092381523695261,0.8373680943513345,0.9601423487544484,0.995147705078125
223,archive\images\512.png,0.9812868495257626,0.9632611977856065,0.9750382068262863,0.9876160990712074,0.9988861083984375
224,archive\images\2732.png,0.0,0.0,0.0,0.0,0.991302490234375
225,archive\images\2994.png,0.0,0.0,0.0,0.0,0.966552734375
226,archive\images\2394.png,0.46742596810933934,0.30499405469678953,0.3068181818181818,0.9808795411089866,0.9821624755859375
227,archive\images\1420.png,0.9157667386609072,0.8446215139442231,0.8617886178861789,0.9769585253456221,0.9994049072265625
228,archive\images\1814.png,0.8581818181818182,0.7515923566878981,0.9874476987447699,0.7588424437299035,0.998809814453125
229,archive\images\782.png,0.851380042462845,0.7412199630314233,0.9593301435406698,0.7652671755725191,0.991455078125
230,archive\images\1437.png,0.8707774798927614,0.7711301044634378,0.9938800489596084,0.7748091603053435,0.9963226318359375
231,archive\images\2300.png,0.43774319066147865,0.28019925280199254,0.8122743682310469,0.2996005326231691,0.991180419921875
232,archive\images\2801.png,0.8518950437317784,0.7420010157440325,0.986495611073599,0.7496151872755259,0.99224853515625
233,archive\images\2418.png,0.9024070021881838,0.8221690590111643,0.8402607986960066,0.9744801512287334,0.9965972900390625
234,archive\images\1955.png,0.8734982332155476,0.7754077791718946,0.7862595419847328,0.9825119236883942,0.9972686767578125
235,archive\images\1342.png,0.9619883040935673,0.9267605633802817,0.9346590909090909,0.9909638554216867,0.99920654296875
236,archive\images\1585.png,0.9345999269272928,0.8772290809327846,0.9891724671307038,0.8857340720221607,0.9972686767578125
237,archive\images\6.png,0.7331118493909192,0.5786713286713286,0.5931899641577061,0.9594202898550724,0.9963226318359375
238,archive\images\718.png,0.6639344262295082,0.49693251533742333,0.5069541029207232,0.9617414248021108,0.988739013671875
239,archive\images\437.png,0.9289940828402367,0.8674033149171271,0.9573170731707317,0.9022988505747126,0.9996337890625
240,archive\images\1792.png,0.5454545454545454,0.375,0.9333333333333333,0.3853211009174312,0.99786376953125
241,archive\images\1681.png,0.9590110605074822,0.92125,0.9436619718309859,0.9748677248677249,0.9990386962890625
242,archive\images\750.png,0.679292300024919,0.5143396226415095,0.5164835164835165,0.9919941775836972,0.9803619384765625
243,archive\images\1826.png,0.9465449804432855,0.8985148514851485,0.9596827495042961,0.9337620578778135,0.99749755859375
244,archive\images\2061.png,0.7638121546961325,0.617877094972067,0.8904991948470209,0.6686819830713422,0.994781494140625
245,archive\images\2858.png,0.8756218905472637,0.7787610619469026,0.7948387096774193,0.9746835443037974,0.9973297119140625
246,archive\images\2101.png,0.6016597510373444,0.43026706231454004,0.7125307125307125,0.5206463195691203,0.994140625
247,archive\images\1006.png,0.8539638386648122,0.7451456310679612,0.7752525252525253,0.9504643962848297,0.9983978271484375
248,archive\images\2808.png,0.4894568690095846,0.3240270727580372,1.0,0.3240270727580372,0.9878082275390625
249,archive\images\1803.png,0.9264705882352942,0.863013698630137,0.8936170212765957,0.9618320610687023,0.99969482421875
250,archive\images\1491.png,0.8689956331877728,0.7683397683397684,0.943127962085308,0.805668016194332,0.99908447265625
251,archive\images\3012.png,0.0,0.0,0.0,0.0,0.99322509765625
252,archive\images\2566.png,0.8110918544194107,0.6822157434402333,0.6882352941176471,0.9873417721518988,0.9983367919921875
253,archive\images\841.png,0.9227823867262284,0.8566350710900474,0.9810040705563093,0.8710843373493976,0.9981536865234375
254,archive\images\2922.png,0.934010152284264,0.8761904761904762,0.9672897196261683,0.9029443838604144,0.996429443359375
255,archive\images\2359.png,0.4442013129102845,0.28551336146272854,0.6048867699642432,0.35096818810511754,0.96124267578125
256,archive\images\1304.png,0.8829536527886881,0.790436005625879,0.8646153846153846,0.9020866773675762,0.9977264404296875
257,archive\images\1063.png,0.8768718801996672,0.7807407407407407,0.7807407407407407,1.0,0.99774169921875
258,archive\images\769.png,0.900763358778626,0.8194444444444444,0.9054927302100162,0.8960831334932055,0.9962310791015625
259,archive\images\2246.png,0.7952127659574468,0.6600441501103753,0.6600441501103753,1.0,0.997650146484375
260,archive\images\2362.png,0.13486842105263158,0.07231040564373897,0.07231040564373897,1.0,0.991973876953125
261,archive\images\550.png,0.8871794871794871,0.7972350230414746,0.865,0.9105263157894737,0.99932861328125
262,archive\images\2878.png,0.8484125089520173,0.7367330016583747,0.9437068507700478,0.7705984388551604,0.9903106689453125
263,archive\images\1021.png,0.8604452054794521,0.7550713749060857,0.8065810593900482,0.9220183486238532,0.995025634765625
264,archive\images\197.png,0.6636085626911314,0.4965675057208238,0.5214257108530236,0.9124036440084092,0.9798583984375
265,archive\images\1274.png,0.9359129383313181,0.8795454545454545,0.9872448979591837,0.8896551724137931,0.9991912841796875
266,archive\images\915.png,0.7487797875394776,0.5984396512161542,0.6102012166588676,0.9687964338781575,0.9866485595703125
267,archive\images\2360.png,0.4741521238063879,0.3107466551575313,0.45512010113780027,0.4948453608247423,0.9756317138671875
268,archive\images\1553.png,0.8010801080108011,0.6681681681681682,0.6867283950617284,0.9611231101511879,0.9966278076171875
269,archive\images\2262.png,0.9550466497031382,0.913961038961039,0.9526226734348562,0.9574829931972789,0.998382568359375
270,archive\images\2096.png,0.7466230045026606,0.5956890920966689,0.7972027972027972,0.7020785219399538,0.9905548095703125
271,archive\images\2385.png,0.9139633286318758,0.8415584415584415,0.8463949843260188,0.9932556713672593,0.9953460693359375
272,archive\images\2073.png,0.433640395769362,0.27684600304944457,0.44116626171468243,0.4263669909426367,0.9493408203125
273,archive\images\979.png,0.8874418604651162,0.7976588628762542,0.8153846153846154,0.9734693877551021,0.9981536865234375
274,archive\images\1658.png,0.8937728937728937,0.8079470198675497,0.8714285714285714,0.9172932330827067,0.9995574951171875
275,archive\images\864.png,0.8274839347503706,0.7057335581787522,0.721551724137931,0.9698725376593279,0.9840240478515625
276,archive\images\2571.png,0.838962310327949,0.7225969645868465,0.7225969645868465,1.0,0.9949798583984375
277,archive\images\1269.png,0.9627659574468085,0.9282051282051282,0.9731182795698925,0.9526315789473684,0.999786376953125
278,archive\images\985.png,0.5650793650793651,0.3938053097345133,0.46113989637305697,0.7295081967213115,0.995819091796875
279,archive\images\847.png,0.9285270354257302,0.8665893271461717,0.92336217552534,0.93375,0.9982452392578125
280,archive\images\1218.png,0.8358208955223881,0.717948717948718,0.8842105263157894,0.7924528301886793,0.998992919921875
281,archive\images\926.png,0.9100817438692099,0.835,0.9881656804733728,0.8434343434343434,0.998992919921875
282,archive\images\2029.png,0.7858719646799117,0.6472727272727272,0.6472727272727272,1.0,0.9955596923828125
283,archive\images\559.png,0.9169139465875371,0.8465753424657534,0.8535911602209945,0.9903846153846154,0.9991455078125
284,archive\images\16.png,0.8934010152284264,0.8073394495412844,0.9887640449438202,0.8148148148148148,0.999359130859375
285,archive\images\1972.png,0.7897862232779097,0.6526005888125613,0.724400871459695,0.8681462140992167,0.994598388671875
286,archive\images\2837.png,0.0,0.0,0.0,0.0,0.9915924072265625
287,archive\images\1050.png,0.931350114416476,0.8715203426124197,0.8828633405639913,0.9854721549636803,0.996337890625
288,archive\images\2971.png,0.8039033457249071,0.6721056721056721,0.690343176376696,0.9621802002224694,0.993560791015625
289,archive\images\1988.png,0.44326052210974964,0.28473648186173856,0.9411764705882353,0.2898954703832753,0.9840545654296875
290,archive\images\949.png,0.8093158660844251,0.6797066014669927,0.7808988764044944,0.8398791540785498,0.9980010986328125
291,archive\images\2633.png,0.0,0.0,0.0,0.0,0.9935455322265625
292,archive\images\1410.png,0.786231884057971,0.6477611940298508,0.6845425867507886,0.9234042553191489,0.998199462890625
293,archive\images\1118.png,0.9240121580547112,0.8587570621468926,0.9891540130151844,0.8669201520912547,0.9988555908203125
294,archive\images\1185.png,0.9844755774327907,0.9694258016405667,0.9796533534287868,0.989345509893455,0.9993743896484375
295,archive\images\1726.png,0.9075210179504658,0.8306988352745425,0.9980009995002499,0.8320833333333333,0.9937896728515625
296,archive\images\880.png,0.8611825192802057,0.7562076749435666,0.9517045454545454,0.7863849765258216,0.99835205078125
297,archive\images\2951.png,0.9652807543934848,0.9328914664457332,0.9778549717759444,0.9530258146424038,0.997528076171875
298,archive\images\2269.png,0.4120171673819742,0.2594594594594595,0.4413793103448276,0.386317907444668,0.99163818359375
299,archive\images\1555.png,0.8886679920477137,0.7996422182468694,1.0,0.7996422182468694,0.998291015625
300,archive\images\2968.png,0.9213174748398902,0.8541136556403732,0.9358736059479554,0.9072072072072072,0.99737548828125
301,archive\images\948.png,0.8633484162895927,0.7595541401273885,0.7668810289389068,0.9875776397515528,0.9976959228515625
302,archive\images\262.png,0.932900432900433,0.8742393509127789,0.9762174405436014,0.8932642487046633,0.99810791015625
303,archive\images\2090.png,0.8675055514433752,0.7660130718954249,0.8584822736595371,0.87672052663076,0.9863433837890625
304,archive\images\2285.png,0.3845419847328244,0.23803898405197874,0.2553865652724968,0.777992277992278,0.980316162109375
305,archive\images\1262.png,0.8610729023383769,0.7560386473429952,1.0,0.7560386473429952,0.9984588623046875
306,archive\images\2098.png,0.0,0.0,0.0,0.0,0.9864501953125
307,archive\images\1662.png,0.884012539184953,0.7921348314606742,0.9929577464788732,0.7966101694915254,0.9994354248046875
308,archive\images\1739.png,0.9329153605015675,0.8742655699177438,0.9933244325767691,0.8794326241134752,0.9983673095703125
309,archive\images\557.png,0.6956977964323191,0.5333869670152857,0.5520399666944213,0.9404255319148936,0.99114990234375
310,archive\images\2718.png,0.9130808950086059,0.8400633412509897,0.8556451612903225,0.9787822878228782,0.996917724609375
311,archive\images\2172.png,0.0,0.0,0.0,0.0,0.9840850830078125
312,archive\images\2729.png,0.9467281879194631,0.8988450816407806,0.8988450816407806,1.0,0.996124267578125
313,archive\images\361.png,0.9325287986834887,0.8735868448098664,0.8817427385892116,0.989522700814901,0.9981231689453125
314,archive\images\2647.png,0.0,0.0,0.0,0.0,0.994140625
315,archive\images\2489.png,0.9249743062692702,0.8604206500956023,0.8704061895551257,0.9868421052631579,0.993316650390625
316,archive\images\822.png,0.9198184568835098,0.8515406162464986,0.8685714285714285,0.977491961414791,0.9991912841796875
317,archive\images\2305.png,0.8606831882116543,0.7554379776601999,0.7554379776601999,1.0,0.99365234375
318,archive\images\2655.png,0.6712530712530712,0.5051775147928994,0.5051775147928994,1.0,0.9897918701171875
319,archive\images\2957.png,0.8793565683646112,0.784688995215311,0.841025641025641,0.9213483146067416,0.9951934814453125
320,archive\images\1194.png,0.8751974723538705,0.7780898876404494,0.7914285714285715,0.9787985865724381,0.9987945556640625
321,archive\images\2198.png,0.9306738019946484,0.870336669699727,0.9432938856015779,0.9183869419107057,0.9956512451171875
322,archive\images\2497.png,0.0,0.0,0.0,0.0,0.995025634765625
323,archive\images\1867.png,0.9494204425711275,0.9037111334002006,0.9241025641025641,0.9761646803900325,0.99853515625
324,archive\images\2345.png,0.8760886172650879,0.779499728113105,0.9869191049913941,0.7876373626373626,0.9876251220703125
325,archive\images\1561.png,0.9278350515463917,0.8653846153846154,0.995085995085995,0.869098712446352,0.9990386962890625
326,archive\images\3035.png,0.9030032467532467,0.8231594524602294,0.9862588652482269,0.8327095808383234,0.992706298828125
327,archive\images\2789.png,0.864321608040201,0.7610619469026548,0.7903943077379187,0.9535050071530758,0.9872283935546875
328,archive\images\593.png,0.9586859133897462,0.9206500956022945,0.9206500956022945,1.0,0.9987335205078125
329,archive\images\2190.png,0.8332481689661047,0.7141605839416059,0.7887778136085134,0.8830324909747292,0.9850616455078125
330,archive\images\12.png,0.9455088330430456,0.8966493629070316,0.9880395215808633,0.9064885496183206,0.9966583251953125
331,archive\images\580.png,0.9707259953161592,0.9431171786120591,0.9730046948356808,0.9684579439252337,0.999237060546875
332,archive\images\2006.png,0.7100745059928734,0.5504771471622301,0.7395411605937922,0.6828660436137072,0.9863433837890625
333,archive\images\1902.png,0.7344950346636686,0.5803968018951732,0.8781362007168458,0.6312399355877617,0.9783782958984375
334,archive\images\2825.png,0.8856088560885608,0.7947019867549668,0.9302325581395349,0.8450704225352113,0.9985809326171875
335,archive\images\730.png,0.8985714285714286,0.8158236057068742,0.9820452771272443,0.8281764318630678,0.99566650390625
336,archive\images\3010.png,0.6926147704590818,0.5297709923664122,0.5438871473354232,0.9532967032967034,0.99530029296875
337,archive\images\1616.png,0.9108910891089108,0.8363636363636363,0.9787234042553191,0.8518518518518519,0.9995880126953125
338,archive\images\1590.png,0.8286755771567437,0.7074688796680498,0.9216216216216216,0.7527593818984547,0.9978485107421875
339,archive\images\1087.png,0.09435310936383132,0.04951237809452363,0.056896551724137934,0.27615062761506276,0.9806671142578125
340,archive\images\702.png,0.8205841446453407,0.6957547169811321,0.7023809523809523,0.9866220735785953,0.996063232421875
341,archive\images\2263.png,0.9804924848097218,0.9617314930991218,0.9745708836617928,0.9864864864864865,0.9990692138671875
342,archive\images\479.png,0.9150326797385621,0.8433734939759037,0.9003215434083601,0.9302325581395349,0.99920654296875
343,archive\images\2411.png,0.8061674008810572,0.6752767527675276,0.6752767527675276,1.0,0.99462890625
344,archive\images\3029.png,0.0,0.0,0.0,0.0,0.9844207763671875
345,archive\images\1539.png,0.9653092006033184,0.9329446064139941,0.9884169884169884,0.9432571849668386,0.9971923828125
346,archive\images\3001.png,0.7007481296758105,0.5393474088291746,0.5393474088291746,1.0,0.9853515625
347,archive\images\2503.png,0.8866930171277997,0.7964497041420119,0.9458889669711876,0.8344699318040918,0.9947509765625
348,archive\images\2403.png,0.8694968553459119,0.7691237830319889,0.8216939078751857,0.9232053422370617,0.997467041015625
349,archive\images\2429.png,0.7911460192788289,0.6544595392793857,0.6560094730609828,0.9964028776978417,0.9910736083984375
350,archive\images\1795.png,0.8465116279069768,0.7338709677419355,0.7811158798283262,0.9238578680203046,0.99798583984375
351,archive\images\2182.png,0.9331010452961672,0.8745917700849118,0.9247237569060773,0.9416315049226441,0.9970703125
352,archive\images\1542.png,0.9584497857275946,0.9202146690518783,0.9850631941784757,0.9332365747460087,0.9965972900390625
353,archive\images\1520.png,0.75177304964539,0.6022727272727273,0.8446215139442231,0.6773162939297125,0.99786376953125
354,archive\images\246.png,0.8984263233190272,0.8155844155844156,0.9486404833836858,0.8532608695652174,0.9989166259765625
355,archive\images\250.png,0.9234828496042218,0.8578431372549019,0.9325044404973357,0.9146341463414634,0.9986724853515625
356,archive\images\607.png,0.9411764705882353,0.8888888888888888,0.9291784702549575,0.9534883720930233,0.9993743896484375
357,archive\images\2110.png,0.6830985915492958,0.5187165775401069,0.784366576819407,0.604989604989605,0.995880126953125
358,archive\images\2665.png,0.8426361802286483,0.7280650784427658,0.8021766965428937,0.8873937677053825,0.99285888671875
359,archive\images\1959.png,0.8356545961002786,0.7177033492822966,0.7211538461538461,0.9933774834437086,0.9990997314453125
360,archive\images\364.png,0.9617723718505647,0.9263598326359833,0.9421276595744681,0.9822537710736469,0.9986572265625
361,archive\images\2737.png,0.7316239316239316,0.5768194070080862,0.5895316804407713,0.963963963963964,0.9976043701171875
362,archive\images\162.png,0.96759941089838,0.9372325249643366,0.9619326500732065,0.9733333333333334,0.99932861328125
363,archive\images\2372.png,0.6167646149087536,0.4458855098389982,0.9495238095238095,0.456710948236372,0.9810943603515625
364,archive\images\1475.png,0.7654320987654321,0.62,0.8532110091743119,0.6940298507462687,0.9991302490234375
365,archive\images\2216.png,0.6072083078802688,0.4359649122807018,0.44734473447344736,0.9448669201520913,0.9901885986328125
366,archive\images\873.png,0.865296803652968,0.7625754527162978,0.779835390946502,0.9717948717948718,0.99639892578125
367,archive\images\1094.png,0.0,0.0,0.0,0.0,0.9940185546875
368,archive\images\3060.png,0.6966911764705883,0.5345557122708039,0.5651093439363817,0.90814696485623,0.984893798828125
369,archive\images\1638.png,0.9415292353823089,0.8895184135977338,0.9771784232365145,0.9083895853423336,0.9982147216796875
370,archive\images\1748.png,0.9111747851002865,0.8368421052631579,1.0,0.8368421052631579,0.9995269775390625
371,archive\images\947.png,0.9019189765458423,0.8213592233009709,0.8229571984435797,0.9976415094339622,0.99859619140625
372,archive\images\1374.png,0.8650406504065041,0.7621776504297995,0.9925373134328358,0.7665706051873199,0.9987335205078125
373,archive\images\1671.png,0.4575471698113207,0.2966360856269113,0.8738738738738738,0.30990415335463256,0.99298095703125
374,archive\images\2296.png,0.7574987290289782,0.6096563011456628,0.9248913718187461,0.6414119672836849,0.985443115234375
375,archive\images\174.png,0.9504467912266451,0.9055727554179567,0.9105058365758755,0.994052676295667,0.998138427734375
376,archive\images\1868.png,0.8573378839590443,0.7502986857825568,0.7502986857825568,1.0,0.9968109130859375
377,archive\images\2867.png,0.9256914361879375,0.8616625310173698,0.912015758371635,0.9397834912043301,0.9965972900390625
378,archive\images\1602.png,0.9631410256410257,0.9289026275115919,0.9616,0.9646869983948636,0.999298095703125
379,archive\images\1093.png,0.8394241417497231,0.7232824427480916,0.7260536398467433,0.994750656167979,0.9977874755859375
380,archive\images\660.png,0.975876748428948,0.9528899445764054,0.9733117670845127,0.9784552845528456,0.9981842041015625
381,archive\images\870.png,0.9556650246305417,0.9150943396226415,0.9344894026974951,0.9778225806451613,0.9993133544921875
382,archive\images\93.png,0.9218289085545722,0.8549931600547196,0.963020030816641,0.884016973125884,0.998382568359375
383,archive\images\1141.png,0.9367588932806323,0.8810408921933085,0.9498997995991983,0.9239766081871345,0.9990234375
384,archive\images\1710.png,0.9706180344478216,0.9429133858267716,0.9755600814663951,0.9657258064516129,0.999114990234375
385,archive\images\1098.png,0.8732394366197183,0.775,0.9253731343283582,0.8266666666666667,0.99835205078125
386,archive\images\2771.png,0.8628675513921417,0.7588100686498855,0.9957957957957958,0.761248852157943,0.9919586181640625
387,archive\images\1170.png,0.8266563944530047,0.7045305318450427,0.9808043875685558,0.7143808255659121,0.993133544921875
388,archive\images\2159.png,0.0,0.0,0.0,0.0,0.990509033203125
389,archive\images\1793.png,0.8238805970149253,0.700507614213198,0.7540983606557377,0.9078947368421053,0.9990997314453125
390,archive\images\1500.png,0.9619302949061662,0.9266528925619835,0.9824753559693319,0.9422268907563025,0.9989166259765625
391,archive\images\1907.png,0.8855325914149443,0.7945791726105563,0.8245743893412287,0.9562231759656652,0.99560546875
392,archive\images\2654.png,0.8182141586623977,0.6923540036122817,0.6923540036122817,1.0,0.9922027587890625
393,archive\images\2831.png,0.0,0.0,0.0,0.0,0.9821319580078125
394,archive\images\2173.png,0.0,0.0,0.0,0.0,0.9828338623046875
395,archive\images\894.png,0.8087091757387247,0.6788511749347258,0.6951871657754011,0.966542750929368,0.9981231689453125
396,archive\images\1800.png,0.8528784648187633,0.7434944237918215,0.7434944237918215,1.0,0.9989471435546875
397,archive\images\1129.png,0.9502183406113538,0.9051580698835274,0.9315068493150684,0.9696969696969697,0.9991302490234375
398,archive\images\621.png,0.36269430051813467,0.22151898734177214,0.22826086956521738,0.8823529411764706,0.9831085205078125
399,archive\images\1174.png,0.9632387156817125,0.9290843806104129,0.9478021978021978,0.97918637653737,0.9987945556640625
400,archive\images\3042.png,0.4485016868426275,0.28907649015093373,0.7985865724381626,0.3118101545253863,0.9575958251953125
401,archive\images\879.png,0.923076923076923,0.8571428571428571,1.0,0.8571428571428571,0.9987335205078125
402,archive\images\3056.png,0.8260692464358453,0.703678001387925,0.9816069699903195,0.7130801687763713,0.9934844970703125
403,archive\images\2827.png,0.939877300613497,0.8865740740740741,0.9527363184079602,0.927360774818402,0.9992523193359375
404,archive\images\91.png,0.8833333333333333,0.7910447761194029,0.8502673796791443,0.9190751445086706,0.999359130859375
405,archive\images\145.png,0.8792856003827141,0.7845759817871372,0.9949476723204619,0.7877142857142857,0.9884490966796875
406,archive\images\1765.png,0.625,0.45454545454545453,1.0,0.45454545454545453,0.99853515625
407,archive\images\2249.png,0.6174055829228243,0.44655581947743467,0.44655581947743467,1.0,0.992889404296875
408,archive\images\2548.png,0.8887990295188031,0.7998544395924309,0.7998544395924309,1.0,0.9958038330078125
409,archive\images\2964.png,0.010539367637941723,0.005297600498597694,0.00688537869582827,0.022457067371202115,0.9512939453125
410,archive\images\2486.png,0.9105839416058394,0.8358458961474037,0.8610871440897325,0.9661181026137464,0.99700927734375
411,archive\images\964.png,0.8910648714810281,0.8035320088300221,0.8035320088300221,1.0,0.9986419677734375
412,archive\images\1316.png,0.6475095785440613,0.47875354107648727,0.5059880239520959,0.898936170212766,0.9971923828125
413,archive\images\954.png,0.9090909090909091,0.8333333333333334,0.9411764705882353,0.8791208791208791,0.99951171875
414,archive\images\134.png,0.9800718719372755,0.9609224855861627,0.9861932938856016,0.974025974025974,0.9990692138671875
415,archive\images\351.png,0.9730215827338129,0.9474605954465849,0.9677996422182469,0.9783001808318263,0.999542236328125
416,archive\images\1873.png,0.9602750190985485,0.9235855988243938,0.9588100686498856,0.9617444529456771,0.996826171875
417,archive\images\1646.png,0.9038817005545287,0.8246205733558178,0.859402460456942,0.9532163742690059,0.9984130859375
418,archive\images\629.png,0.62625,0.45586897179253866,0.46175115207373274,0.9728155339805825,0.972625732421875
419,archive\images\2428.png,0.8347737671581088,0.7164048865619547,0.7350044762757386,0.9658823529411765,0.9950408935546875
420,archive\images\2473.png,0.9248327430145612,0.8601756954612005,0.9775374376039934,0.8775205377147125,0.9970855712890625
421,archive\images\1846.png,0.9187574671445639,0.8497237569060774,0.9309927360774818,0.9068396226415094,0.9979248046875
422,archive\images\1895.png,0.9257575757575758,0.8617771509167842,0.9614476789929189,0.8926223520818115,0.99700927734375
423,archive\images\2220.png,0.6913520097442144,0.5282948622486969,0.5586614173228347,0.9067092651757188,0.9806671142578125
424,archive\images\1282.png,0.871900826446281,0.7728937728937729,0.8603465851172273,0.8837696335078534,0.9962158203125
425,archive\images\2368.png,0.6597586941092973,0.4922685871637365,0.570446735395189,0.7822282059912488,0.9634246826171875
426,archive\images\535.png,0.9657673996826117,0.9338009644892591,0.962059620596206,0.9695038689121529,0.9976959228515625
427,archive\images\140.png,0.9621318373071529,0.927027027027027,0.9621318373071529,0.9621318373071529,0.999176025390625
428,archive\images\590.png,0.9726996966632963,0.9468503937007874,0.969758064516129,0.9756592292089249,0.999176025390625
429,archive\images\1296.png,0.0,0.0,0.0,0.0,0.989471435546875
430,archive\images\2920.png,0.946167097329888,0.8978340825500613,0.9413024850042845,0.9510822510822511,0.996185302734375
431,archive\images\402.png,0.9831862126944095,0.9669284828441504,0.9890063424947146,0.9774341830338488,0.998779296875
432,archive\images\472.png,0.940374787052811,0.887459807073955,0.9910233393177738,0.8946515397082658,0.998931884765625
433,archive\images\2855.png,0.8018327605956471,0.6692160611854685,0.6944444444444444,0.948509485094851,0.9973602294921875
434,archive\images\1515.png,0.8405365126676603,0.7249357326478149,0.8221574344023324,0.8597560975609756,0.9983673095703125
435,archive\images\1247.png,0.9656160458452722,0.9335180055401662,0.9656160458452722,0.9656160458452722,0.999267578125
436,archive\images\2450.png,0.7875816993464052,0.6495956873315364,0.7866177070583436,0.7885480572597137,0.984130859375
437,archive\images\1333.png,0.9250317662007624,0.8605200945626478,0.8666666666666667,0.9918256130790191,0.9990997314453125
438,archive\images\1582.png,0.9158878504672898,0.8448275862068966,0.8553615960099751,0.985632183908046,0.998077392578125
439,archive\images\1897.png,0.9253956292388847,0.8611500701262272,0.9504643962848297,0.9016152716593245,0.9984893798828125
440,archive\images\967.png,0.8585757271815446,0.7521968365553603,0.852589641434263,0.8646464646464647,0.9978485107421875
441,archive\images\971.png,0.9339853300733496,0.8761467889908257,0.8761467889908257,1.0,0.9995880126953125
442,archive\images\2007.png,0.8428874734607218,0.728440366972477,0.7880893300248138,0.905875641756988,0.990966796875
443,archive\images\1684.png,0.9165402124430956,0.84593837535014,0.934984520123839,0.8988095238095238,0.9991607666015625
444,archive\images\189.png,0.9801539084649655,0.9610802223987291,0.9789644012944984,0.981346309813463,0.9992523193359375
445,archive\images\36.png,0.9311408016443988,0.8711538461538462,0.8745173745173745,0.9956043956043956,0.9989776611328125
446,archive\images\55.png,0.6023688663282571,0.43099273607748184,0.5377643504531722,0.6846153846153846,0.9964141845703125
447,archive\images\2898.png,0.9427365883062084,0.8916761687571265,0.9287410926365796,0.9571603427172583,0.9985504150390625
448,archive\images\157.png,0.9740344044141512,0.9493831066118317,0.995026525198939,0.9539097266369994,0.99755859375
449,archive\images\3004.png,0.0,0.0,0.0,0.0,0.99859619140625
450,archive\images\1275.png,0.929368029739777,0.8680555555555556,0.9398496240601504,0.9191176470588235,0.9991302490234375
451,archive\images\2343.png,0.9161290322580646,0.8452380952380952,0.8584382871536524,0.9821325648414986,0.9952392578125
452,archive\images\434.png,0.9183253260123541,0.8489847715736041,0.9970193740685543,0.851145038167939,0.9981842041015625
453,archive\images\149.png,0.9563616276928742,0.9163726182074806,0.9661458333333334,0.946773605541378,0.9963836669921875
454,archive\images\87.png,0.9062870699881376,0.8286334056399133,0.9362745098039216,0.8781609195402299,0.9963836669921875
455,archive\images\2553.png,0.8925459825750242,0.8059440559440559,0.8232142857142857,0.9746300211416491,0.9983062744140625
456,archive\images\1641.png,0.8892921960072596,0.8006535947712419,0.9441233140655106,0.8404802744425386,0.998138427734375
457,archive\images\1943.png,0.881967213114754,0.7888563049853372,0.9057239057239057,0.8594249201277955,0.9912109375
458,archive\images\2618.png,0.6634180299338671,0.49635416666666665,0.5061072756240043,0.9626262626262626,0.9852447509765625
459,archive\images\981.png,0.5626134301270417,0.39141414141414144,0.40843214756258234,0.9037900874635568,0.992645263671875
460,archive\images\1729.png,0.9168258378190658,0.8464251362616223,0.8952187182095626,0.9395017793594306,0.9926910400390625
461,archive\images\2911.png,0.0,0.0,0.0,0.0,0.9897613525390625
462,archive\images\2250.png,0.5990453460620525,0.42759795570698467,0.4283276450511945,0.996031746031746,0.98974609375
463,archive\images\1271.png,0.7114093959731543,0.5520833333333334,0.5955056179775281,0.8833333333333333,0.9993438720703125
464,archive\images\1630.png,0.9415011037527593,0.8894681960375391,0.9715261958997722,0.9132762312633833,0.998382568359375
465,archive\images\1927.png,0.0,0.0,0.0,0.0,0.977783203125
466,archive\images\1103.png,0.5422740524781341,0.372,0.4087912087912088,0.8051948051948052,0.99041748046875
467,archive\images\213.png,0.9493273542600896,0.9035424669227486,0.9706556625401193,0.9289161913119789,0.996551513671875
468,archive\images\1656.png,0.8911917098445595,0.8037383177570093,0.9052631578947369,0.8775510204081632,0.999359130859375
469,archive\images\2588.png,0.7532729103726084,0.6042003231017771,0.9121951219512195,0.6415094339622641,0.9962615966796875
470,archive\images\2274.png,0.8967454928588152,0.8128183361629882,0.8927738927738927,0.900752587017874,0.9932708740234375
471,archive\images\849.png,0.937126600284495,0.8816916488222698,0.9195979899497487,0.9553364269141531,0.9966278076171875
472,archive\images\2986.png,0.6396023198011598,0.4701583434835566,0.6454849498327759,0.6338259441707718,0.986724853515625
473,archive\images\1588.png,0.7291728874290833,0.5737781954887218,0.5867371456030754,0.9629337539432177,0.9861602783203125
474,archive\images\2688.png,0.0,0.0,0.0,0.0,0.953125
475,archive\images\1234.png,0.7421203438395415,0.5899772209567198,0.9961538461538462,0.591324200913242,0.99725341796875
476,archive\images\745.png,0.9124108416547788,0.8389296956977964,0.8846473029045643,0.9419734904270987,0.990631103515625
477,archive\images\387.png,0.9757240204429302,0.9525987525987526,0.9875,0.9642255892255892,0.998260498046875
478,archive\images\103.png,0.9420949902407286,0.8905289052890529,0.9705093833780161,0.9152970922882427,0.9986419677734375
479,archive\images\1742.png,0.8759398496240602,0.7792642140468228,0.9628099173553719,0.803448275862069,0.998992919921875
480,archive\images\636.png,0.988567585743107,0.9773936170212766,0.9932432432432432,0.9839357429718876,0.999481201171875
481,archive\images\2763.png,0.8660147538171213,0.7636913767019667,0.7831213155445237,0.9685341519570223,0.976165771484375
482,archive\images\1446.png,0.947565543071161,0.900355871886121,0.9980276134122288,0.9019607843137255,0.9991455078125
483,archive\images\2342.png,0.9154466686585001,0.8440771349862259,0.8534818941504179,0.9871134020618557,0.9956817626953125
484,archive\images\2494.png,0.9462636439966414,0.8980079681274901,0.9470588235294117,0.9454697986577181,0.998046875
485,archive\images\2390.png,0.7478070175438596,0.5971978984238179,0.5971978984238179,1.0,0.982452392578125
486,archive\images\2709.png,0.0,0.0,0.0,0.0,0.9934539794921875
487,archive\images\2604.png,0.7282776917974795,0.5726703755215578,0.8235,0.652794292508918,0.9812469482421875
488,archive\images\412.png,0.9812235009085403,0.9631391200951248,0.9688995215311005,0.9938650306748467,0.9995269775390625
489,archive\images\1097.png,0.8643617021276595,0.7611241217798594,0.9447674418604651,0.7965686274509803,0.998443603515625
490,archive\images\1311.png,0.8896061975468044,0.8011627906976744,0.8844672657252889,0.8948051948051948,0.9973907470703125
491,archive\images\2081.png,0.8371278458844131,0.7198795180722891,0.9676113360323887,0.7376543209876543,0.9985809326171875
492,archive\images\132.png,0.961521833117164,0.925895087427144,0.9661164205039097,0.9569707401032702,0.9986419677734375
493,archive\images\186.png,0.0,0.0,0.0,0.0,0.99798583984375
494,archive\images\1330.png,0.8580542264752792,0.7513966480446927,0.9676258992805755,0.7707736389684814,0.9986419677734375
495,archive\images\1523.png,0.889226100151745,0.8005464480874317,0.9421221864951769,0.8419540229885057,0.997772216796875
496,archive\images\2401.png,0.837495723571673,0.7204237786933491,0.7268408551068883,0.9878934624697336,0.9927520751953125
497,archive\images\657.png,0.947645702996378,0.9005006257822278,0.9362394274560832,0.9593333333333334,0.9975738525390625
498,archive\images\29.png,0.9562289562289562,0.9161290322580645,0.9487750556792873,0.9638009049773756,0.998809814453125
499,archive\images\2579.png,0.2120658135283364,0.11860940695296524,0.11909650924024641,0.9666666666666667,0.9934234619140625
500,archive\images\2521.png,0.5973438824526703,0.4258662369057212,0.5362760020294267,0.6741071428571429,0.9782562255859375
501,archive\images\640.png,0.935483870967742,0.8787878787878788,0.8817567567567568,0.9961832061068703,0.99945068359375
502,archive\images\2058.png,0.0,0.0,0.0,0.0,0.998626708984375
503,archive\images\1981.png,0.8580060422960726,0.7513227513227513,0.8863920099875156,0.8313817330210773,0.9964141845703125
504,archive\images\2091.png,0.3683417085427136,0.22574684323991376,0.2813819577735125,0.5330909090909091,0.961639404296875
505,archive\images\1204.png,0.9083333333333333,0.8320610687022901,0.8861788617886179,0.9316239316239316,0.99932861328125
506,archive\images\2451.png,0.3998742533794405,0.249901768172888,0.4010088272383354,0.3987460815047022,0.9708709716796875
507,archive\images\523.png,0.9452286843591191,0.8961456102783726,0.900484131253362,0.9946524064171123,0.997039794921875
508,archive\images\1393.png,0.9305373525557011,0.8700980392156863,0.9726027397260274,0.8919597989949749,0.9991912841796875
509,archive\images\301.png,0.9797459663577068,0.9602960969044414,0.9704182250935056,0.9892547660311959,0.998199462890625
510,archive\images\1477.png,0.8600405679513184,0.7544483985765125,0.9953051643192489,0.7571428571428571,0.9989471435546875
511,archive\images\2590.png,0.7204874333587205,0.5630952380952381,0.5630952380952381,1.0,0.9944000244140625
512,archive\images\1461.png,0.7786589762076425,0.6375442739079102,0.8723747980613893,0.703125,0.9953155517578125
513,archive\images\1145.png,0.9524680073126143,0.9092495636998255,0.9353680430879713,0.9702048417132216,0.99920654296875
514,archive\images\1312.png,0.9251592356687899,0.8607407407407407,0.9587458745874587,0.8938461538461538,0.998565673828125
515,archive\images\763.png,0.946583850931677,0.8985849056603774,0.9384236453201971,0.9548872180451128,0.9993438720703125
516,archive\images\2160.png,0.8389972144846797,0.7226487523992322,0.9296296296296296,0.7644670050761422,0.9955902099609375
517,archive\images\2468.png,0.6135458167330677,0.4425287356321839,0.4476744186046512,0.9746835443037974,0.99407958984375
518,archive\images\2312.png,0.8975069252077562,0.8140703517587939,0.8181818181818182,0.9938650306748467,0.9949188232421875
519,archive\images\1707.png,0.9375600384245917,0.8824593128390597,0.9663366336633663,0.9104477611940298,0.9990081787109375
520,archive\images\248.png,0.9137645107794361,0.8412213740458016,0.9122516556291391,0.915282392026578,0.9984130859375
521,archive\images\441.png,0.962046204620462,0.9268680445151033,0.9847972972972973,0.9403225806451613,0.997894287109375
522,archive\images\2853.png,0.8899521531100479,0.8017241379310345,0.8104575163398693,0.986737400530504,0.9971923828125
523,archive\images\793.png,0.6886209938253456,0.5251121076233184,0.5251121076233184,1.0,0.967681884765625
524,archive\images\716.png,0.6256708407871199,0.455255450699642,0.503781058696435,0.8253687315634218,0.974456787109375
525,archive\images\896.png,0.9005847953216374,0.8191489361702128,0.8528481012658228,0.9539823008849557,0.9981842041015625
526,archive\images\1251.png,0.972972972972973,0.9473684210526315,0.95625,0.9902912621359223,0.9997406005859375
527,archive\images\1071.png,0.9457364341085271,0.8970588235294118,0.9242424242424242,0.9682539682539683,0.9994659423828125
528,archive\images\1714.png,0.7734553775743707,0.6305970149253731,0.6329588014981273,0.9941176470588236,0.9984893798828125
529,archive\images\2818.png,0.880184331797235,0.7860082304526749,1.0,0.7860082304526749,0.9984130859375
530,archive\images\2230.png,0.0,0.0,0.0,0.0,0.950897216796875
531,archive\images\1665.png,0.7395498392282959,0.5867346938775511,0.5867346938775511,1.0,0.9987640380859375
532,archive\images\2822.png,0.8405466970387244,0.724950884086444,0.9485861182519281,0.754601226993865,0.99786376953125
533,archive\images\2854.png,0.37623762376237624,0.23170731707317074,0.23170731707317074,1.0,0.99615478515625
534,archive\images\2015.png,0.7803837953091685,0.6398601398601399,0.897687456201822,0.6901939655172413,0.9889984130859375
535,archive\images\2685.png,0.859447004608295,0.7535353535353535,0.7565922920892495,0.9946666666666667,0.998138427734375
536,archive\images\1309.png,0.9470499243570348,0.8994252873563219,0.9873817034700315,0.9098837209302325,0.9994659423828125
537,archive\images\589.png,0.007407407407407408,0.0037174721189591076,0.0037174721189591076,1.0,0.98773193359375
538,archive\images\922.png,0.6514506769825918,0.48307515777395293,0.9767981438515081,0.4886825304701103,0.9862518310546875
539,archive\images\2279.png,0.8311827956989247,0.7111315547378105,0.7593320235756386,0.9180522565320665,0.995208740234375
540,archive\images\2415.png,0.0,0.0,0.0,0.0,0.973236083984375
541,archive\images\1789.png,0.896551724137931,0.8125,0.8125,1.0,0.9996337890625
542,archive\images\1276.png,0.9807474518686297,0.9622222222222222,0.9807474518686297,0.9807474518686297,0.999481201171875
543,archive\images\1991.png,0.7090909090909091,0.5492957746478874,0.9365763546798029,0.5705176294073518,0.98095703125
544,archive\images\215.png,0.917054073892831,0.8468142792589245,0.8979396262577863,0.937,0.9948272705078125
545,archive\images\663.png,0.9612565445026179,0.9254032258064516,0.9254032258064516,1.0,0.9983062744140625
546,archive\images\2611.png,0.0,0.0,0.0,0.0,0.9863739013671875
547,archive\images\1149.png,0.9487516425755586,0.9025,0.9328165374677002,0.9652406417112299,0.9994049072265625
548,archive\images\2660.png,0.9196850393700787,0.8513119533527697,0.9255150554675119,0.9139280125195618,0.995330810546875
549,archive\images\251.png,0.946236559139785,0.8979591836734694,0.967032967032967,0.9263157894736842,0.999542236328125
550,archive\images\1231.png,0.8641425389755012,0.7607843137254902,0.8434782608695652,0.8858447488584474,0.9990692138671875
551,archive\images\2675.png,0.638258164852255,0.46870717222476016,0.7892307692307692,0.5357702349869452,0.9822540283203125
552,archive\images\1879.png,0.7417442845046569,0.5895020188425303,0.6016483516483516,0.9668874172185431,0.9953460693359375
553,archive\images\1345.png,0.8853333333333334,0.7942583732057417,0.7980769230769231,0.9940119760479041,0.998687744140625
554,archive\images\2164.png,0.9248524590163933,0.8602098072700659,0.9390146471371504,0.9111111111111111,0.9912567138671875
555,archive\images\2302.png,0.4912689173457509,0.3256172839506173,0.5146341463414634,0.46993318485523383,0.9933319091796875
556,archive\images\2630.png,0.5695203400121432,0.39813242784380304,0.39813242784380304,1.0,0.9891815185546875
557,archive\images\1067.png,0.5925394548063128,0.42099898063200814,0.8694736842105263,0.44940152339499456,0.9913330078125
558,archive\images\1002.png,0.9403202328966522,0.8873626373626373,0.9022346368715084,0.9817629179331308,0.9993743896484375
559,archive\images\308.png,0.9700573370142281,0.9418556701030928,0.9500831946755408,0.9908893709327549,0.9978485107421875
560,archive\images\324.png,0.7491013659237958,0.5988505747126437,0.9756554307116105,0.6079346557759626,0.9946746826171875
561,archive\images\1235.png,0.9029275808936826,0.8230337078651685,0.966996699669967,0.846820809248555,0.9990386962890625
562,archive\images\153.png,0.9557408595253367,0.9152334152334153,0.963777490297542,0.9478371501272265,0.9989471435546875
563,archive\images\1810.png,0.7670250896057348,0.622093023255814,0.9953488372093023,0.6239067055393586,0.99603271484375
564,archive\images\1401.png,0.9325842696629214,0.8736842105263158,0.9171270718232044,0.9485714285714286,0.9989013671875
565,archive\images\1861.png,0.8938163647720175,0.8080180688876341,0.8672727272727273,0.9220360824742269,0.99481201171875
566,archive\images\2197.png,0.5893089960886571,0.4177449168207024,0.9797687861271677,0.4213797389683033,0.9855804443359375
567,archive\images\709.png,0.7325383304940374,0.5779569892473119,0.6323529411764706,0.8704453441295547,0.9976043701171875
568,archive\images\2080.png,0.0,0.0,0.0,0.0,0.99822998046875
569,archive\images\1768.png,0.9441210710128056,0.8941565600882029,0.9397450753186558,0.9485380116959065,0.99853515625
570,archive\images\353.png,0.5403158769742311,0.3701594533029613,0.9259259259259259,0.3814553990610329,0.9915618896484375
571,archive\images\181.png,0.9833887043189369,0.9673202614379085,0.9825726141078838,0.9842061512884456,0.9993896484375
572,archive\images\1801.png,0.9267139479905437,0.8634361233480177,0.8868778280542986,0.9702970297029703,0.9995269775390625
573,archive\images\865.png,0.17095890410958908,0.09346914319952067,0.0936374549819928,0.9811320754716981,0.9769134521484375
574,archive\images\2378.png,0.8643835616438356,0.7611580217129071,0.8916627414036741,0.8387239698715109,0.990936279296875
575,archive\images\605.png,0.9591078066914499,0.9214285714285714,0.9684684684684685,0.9499263622974963,0.9991607666015625
576,archive\images\2148.png,0.9112709832134293,0.8370044052863436,0.8962264150943396,0.926829268292683,0.998870849609375
577,archive\images\940.png,0.8886941279579316,0.7996845425867508,0.926873857404022,0.8535353535353535,0.9980621337890625
578,archive\images\545.png,0.9662461643368565,0.9346965699208444,0.9806228373702423,0.9522849462365591,0.9984893798828125
579,archive\images\217.png,0.6195744680851063,0.44882860665844637,0.45671267252195735,0.9629629629629629,0.9931793212890625
580,archive\images\980.png,0.0,0.0,0.0,0.0,0.9941558837890625
581,archive\images\888.png,0.7536112257531985,0.604635761589404,0.6054376657824934,0.9978142076502732,0.9908905029296875
582,archive\images\407.png,0.9575688073394495,0.9185918591859186,0.9329608938547486,0.983510011778563,0.998870849609375
583,archive\images\1566.png,0.0,0.0,0.0,0.0,0.9971466064453125
584,archive\images\2830.png,0.7903225806451613,0.6533333333333333,1.0,0.6533333333333333,0.9984130859375
585,archive\images\1841.png,0.0,0.0,0.0,0.0,0.9959564208984375
586,archive\images\2790.png,0.7722269263336156,0.6289655172413793,0.6559263521288837,0.9386578839028407,0.9794769287109375
587,archive\images\2847.png,0.8654139156932453,0.7627573858549687,0.8208092485549133,0.9151450053705693,0.991912841796875
588,archive\images\1084.png,0.890038809831824,0.8018648018648019,0.9913544668587896,0.8075117370892019,0.9987030029296875
589,archive\images\1723.png,0.9019607843137255,0.8214285714285714,0.9806201550387597,0.834983498349835,0.9991607666015625
590,archive\images\2454.png,0.7306044740599715,0.5755530558680165,0.575984990619137,0.9986987638256344,0.98272705078125
591,archive\images\1611.png,0.8970059880239521,0.8132464712269273,0.9433249370277078,0.8550228310502284,0.99737548828125
592,archive\images\1363.png,0.9650495565988524,0.9324596774193549,0.9798728813559322,0.9506680369989723,0.9989776611328125
593,archive\images\2717.png,0.8960716061660865,0.8117117117117117,0.9605543710021321,0.8397017707362535,0.9968109130859375
594,archive\images\33.png,0.29312977099236637,0.17173524150268335,0.17173524150268335,1.0,0.9929351806640625
595,archive\images\2496.png,0.0,0.0,0.0,0.0,0.9915924072265625
596,archive\images\2169.png,0.038461538461538464,0.0196078431372549,0.0196078431372549,1.0,0.994659423828125
597,archive\images\2222.png,0.5750111957008508,0.4035197988686361,0.4045368620037807,0.9938080495356038,0.9855194091796875
598,archive\images\1146.png,0.9729241877256317,0.9472759226713533,0.9729241877256317,0.9729241877256317,0.999542236328125
599,archive\images\1893.png,0.062337662337662345,0.032171581769437,0.0339943342776204,0.375,0.988983154296875
600,archive\images\2499.png,0.0,0.0,0.0,0.0,0.9962005615234375
601,archive\images\1236.png,0.7897271268057785,0.6525198938992043,0.8848920863309353,0.7130434782608696,0.9980010986328125
602,archive\images\1250.png,0.9562841530054645,0.9162303664921466,0.9849906191369606,0.9292035398230089,0.999267578125
603,archive\images\2923.png,0.9128043990573449,0.8395953757225434,0.9880952380952381,0.8481751824817518,0.996612548828125
604,archive\images\1591.png,0.9186712485681557,0.8495762711864406,0.9369158878504673,0.9011235955056179,0.9989166259765625
605,archive\images\1894.png,0.0,0.0,0.0,0.0,0.985687255859375
606,archive\images\107.png,0.9569086651053863,0.917377638078132,0.9831568816169394,0.9320255474452555,0.9971923828125
607,archive\images\1675.png,0.8102766798418972,0.6810631229235881,0.8333333333333334,0.7884615384615384,0.99853515625
608,archive\images\429.png,0.9679168549480344,0.9378283712784589,0.9545454545454546,0.9816681943171403,0.9989166259765625
609,archive\images\344.png,0.9514563106796118,0.9074074074074074,0.9230769230769231,0.9816360601001669,0.9981689453125
610,archive\images\2667.png,0.8957845433255269,0.8112407211028632,0.8247978436657682,0.9801409352978859,0.99456787109375
611,archive\images\367.png,0.9779816513761469,0.9569120287253142,0.9797794117647058,0.9761904761904762,0.9996337890625
